Index,A,R,N,D,C,Q,E,G,H,I,L,K,M,F,P,S,T,W,Y,V,X,
ANDN920101,4.35,4.38,4.75,4.76,4.65,4.37,4.29,3.97,4.63,3.95,4.17,4.36,4.52,4.66,4.44,4.50,4.35,4.70,4.60,3.95,0
ARGP820101,0.61,0.60,0.06,0.46,1.07,0.0,0.47,0.07,0.61,2.22,1.53,1.15,1.18,2.02,1.95,0.05,0.05,2.65,1.88,1.32,0
ARGP820102,1.18,0.20,0.23,0.05,1.89,0.72,0.11,0.49,0.31,1.45,3.23,0.06,2.67,1.96,0.76,0.97,0.84,0.77,0.39,1.08,0
ARGP820103,1.56,0.45,0.27,0.14,1.23,0.51,0.23,0.62,0.29,1.67,2.93,0.15,2.96,2.03,0.76,0.81,0.91,1.08,0.68,1.14,0
BEGF750101,1.0,0.52,0.35,0.44,0.06,0.44,0.73,0.35,0.60,0.73,1.0,0.60,1.0,0.60,0.06,0.35,0.44,0.73,0.44,0.82,0
BEGF750102,0.77,0.72,0.55,0.65,0.65,0.72,0.55,0.65,0.83,0.98,0.83,0.55,0.98,0.98,0.55,0.55,0.83,0.77,0.83,0.98,0
BROC820101,7.3,-3.6,-5.7,-2.9,-9.2,-0.3,-7.1,-1.2,-2.1,6.6,20.0,-3.7,5.6,19.2,5.1,-4.1,0.8,16.3,5.9,3.5,0 
BROC820102,3.9,3.2,-2.8,-2.8,-14.3,1.8,-7.5,-2.3,2.0,11.0,15.0,-2.5,4.1,14.7,5.6,-3.5,1.1,17.8,3.8,2.1,0 
BULH740101,-0.20,-0.12,0.08,-0.20,-0.45,0.16,-0.30,0.00,-0.12,-2.26,-2.46,-0.35,-1.47,-2.33,-0.98,-0.39,-0.52,-2.01,-2.24,-1.56,0 
CHAM810101,0.52,0.68,0.76,0.76,0.62,0.68,0.68,0.00,0.70,1.02,0.98,0.68,0.78,0.70,0.36,0.53,0.50,0.70,0.70,0.76,0 
CHAM820101,0.046,0.291,0.134,0.105,0.128,0.180,0.151,0.000,0.230,0.186,0.186,0.219,0.221,0.290,0.131,0.062,0.108,0.409,0.298,0.140,0
CHAM820102,-0.368,-1.03,0.,2.06,4.53,0.731,1.77,-0.525,0.,0.791,1.07,0.,0.656,1.06,-2.24,-0.524,0.,1.60,4.91,0.401,0
CRAJ730101,1.33,0.79,0.72,0.97,0.93,1.42,1.66,0.58,1.49,0.99,1.29,1.03,1.40,1.15,0.49,0.83,0.94,1.33,0.49,0.96,0 
CRAJ730102,1.00,0.74,0.75,0.89,0.99,0.87,0.37,0.56,0.36,1.75,1.53,1.18,1.40,1.26,0.36,0.65,1.15,0.84,1.41,1.61,0 
CRAJ730103,0.60,0.79,1.42,1.24,1.29,0.92,0.64,1.38,0.95,0.67,0.70,1.10,0.67,1.05,1.47,1.26,1.05,1.23,1.35,0.48,0 
DAWD720101,2.5,7.5,5.0,2.5,3.0,6.0,5.0,0.5,6.0,5.5,5.5,7.0,6.0,6.5,5.5,3.0,5.0,7.0,7.0,5.0,0 
DAYM780101,8.6,4.9,4.3,5.5,2.9,3.9,6.0,8.4,2.0,4.5,7.4,6.6,1.7,3.6,5.2,7.0,6.1,1.3,3.4,6.6,0 
DAYM780201,100.,65.,134.,106.,20.,93.,102.,49.,66.,96.,40.,56.,94.,41.,56.,120.,97.,18.,41.,74.,0 
DESM900101,1.56,0.59,0.51,0.23,1.80,0.39,0.19,1.03,1.,1.27,1.38,0.15,1.93,1.42,0.27,0.96,1.11,0.91,1.10,1.58,0 
DESM900102,1.26,0.38,0.59,0.27,1.60,0.39,0.23,1.08,1.,1.44,1.36,0.33,1.52,1.46,0.54,0.98,1.01,1.06,0.89,1.33,0 
EISD840101,0.25,-1.76,-0.64,-0.72,0.04,-0.69,-0.62,0.16,-0.40,0.73,0.53,-1.10,0.26,0.61,-0.07,-0.26,-0.18,0.37,0.02,0.54,0 
EISD860101,0.67,-2.1,-0.6,-1.2,0.38,-0.22,-0.76,0.,0.64,1.9,1.9,-0.57,2.4,2.3,1.2,0.01,0.52,2.6,1.6,1.5,0 
EISD860102,0.,10.,1.3,1.9,0.17,1.9,3.,0.,0.99,1.2,1.0,5.7,1.9,1.1,0.18,0.73,1.5,1.6,1.8,0.48,0 
EISD860103,0.,-0.96,-0.86,-0.98,0.76,-1.0,-0.89,0.,-0.75,0.99,0.89,-0.99,0.94,0.92,0.22,-0.67,0.09,0.67,-0.93,0.84,0 
FASG760101,89.09,174.20,132.12,133.10,121.15,146.15,147.13,75.07,155.16,131.17,131.17,146.19,149.21,165.19,115.13,105.09,119.12,204.24,181.19,117.15,0
FAUJ880103,1.00,6.13,2.95,2.78,2.43,3.95,3.78,0.00,4.66,4.00,4.00,4.77,4.43,5.89,2.72,1.60,2.60,8.08,6.47,3.00,0 
FAUJ880104,2.87,7.82,4.58,4.74,4.47,6.11,5.97,2.06,5.23,4.92,4.92,6.89,6.36,4.62,4.11,3.97,4.11,7.68,4.73,4.11,0 
FAUJ880105,1.52,1.52,1.52,1.52,1.52,1.52,1.52,1.00,1.52,1.90,1.52,1.52,1.52,1.52,1.52,1.52,1.73,1.52,1.52,1.90,0 
FAUJ880106,2.04,6.24,4.37,3.78,3.41,3.53,3.31,1.00,5.66,3.49,4.45,4.87,4.80,6.02,4.31,2.70,3.17,5.90,6.72,3.17,0 
FAUJ880113,4.76,4.30,3.64,5.69,3.67,4.54,5.48,3.77,2.84,4.81,4.79,4.27,4.25,4.31,0.,3.83,3.87,4.75,4.30,4.86,0 
FINA770101,1.08,1.05,0.85,0.85,0.95,0.95,1.15,0.55,1.00,1.05,1.25,1.15,1.15,1.10,0.71,0.75,0.75,1.10,1.10,0.95,0 
FINA910101,1.,0.70,1.70,3.20,1.,1.,1.70,1.,1.,0.60,1.,0.70,1.,1.,1.,1.70,1.70,1.,1.,0.60,0 
GARJ730101,0.28,0.10,0.25,0.21,0.28,0.35,0.33,0.17,0.21,0.82,1.00,0.09,0.74,2.18,0.39,0.12,0.21,5.70,1.26,0.60 ,0
GEIM800101,1.29,1.,0.81,1.10,0.79,1.07,1.49,0.63,1.33,1.05,1.31,1.33,1.54,1.13,0.63,0.78,0.77,1.18,0.71,0.81,0 
GEIM800102,1.13,1.09,1.06,0.94,1.32,0.93,1.20,0.83,1.09,1.05,1.13,1.08,1.23,1.01,0.82,1.01,1.17,1.32,0.88,1.13,0 
GRAR740101,0.00,0.65,1.33,1.38,2.75,0.89,0.92,0.74,0.58,0.00,0.00,0.33,0.00,0.00,0.39,1.42,0.71,0.13,0.20,0.00,0 
GRAR740102,8.1,10.5,11.6,13.0, 5.5,10.5,12.3,9.0,10.4,5.2,4.9,11.3,5.7,5.2,8.0,9.2,8.6,5.4,6.2,5.9,0 
GRAR740103,31.,124.,56.,54.,55.,85.,83.,3.,96.,111.,111.,119.,105.,132.,32.5,32.,61.,170.,136.,84.,0 
GUYH850101,0.10,1.91,0.48,0.78,-1.42,0.95,0.83,0.33,-0.50,-1.13,-1.18,1.40,-1.59,-2.12,0.73,0.52,0.07,-0.51,-0.21,-1.27,0 
HOPA770101,1.0,2.3,2.2,6.5,0.1,2.1,6.2,1.1,2.8,0.8,0.8,5.3,0.7,1.4,0.9,1.7,1.5,1.9,2.1,0.9,0 
HOPT810101,-0.5,3.0,0.2,3.0,-1.0,0.2,3.0,0.0,-0.5,-1.8,-1.8,3.0,-1.3,-2.5,0.0,0.3,-0.4,-3.4,-2.3,-1.5,0 
HUTJ700101,29.22,26.37,38.30,37.09,50.70,44.02,41.84,23.71,59.64,45.00,48.03,57.10,69.32,48.52,36.13,32.40,35.20,56.92,51.73,40.35,0 
HUTJ700102,30.88,68.43,41.70,40.66,53.83,46.62,44.98,24.74,65.99,49.71,50.62,63.21,55.32,51.06,39.21,35.65,36.50,60.00,51.15,42.75,0 
HUTJ700103,154.33,341.01,207.90,194.91,219.79,235.51,223.16,127.90,242.54,233.21,232.30,300.46,202.65,204.74,179.93,174.06,205.80,237.01,229.15,207.60,0 
ISOY800101,1.53,1.17,0.60,1.00,0.89,1.27,1.63,0.44,1.03,1.07,1.32,1.26,1.66,1.22,0.25,0.65,0.86,1.05,0.70,0.93,0 
ISOY800102,0.86,0.98,0.74,0.69,1.39,0.89,0.66,0.70,1.06,1.31,1.01,0.77,1.06,1.16,1.16,1.09,1.24,1.17,1.28,1.40,0 
ISOY800103,0.78,1.06,1.56,1.50,0.60,0.78,0.97,1.73,0.83,0.40,0.57,1.01,0.30,0.67,1.55,1.19,1.09,0.74,1.14,0.44,0 
ISOY800104,1.09,0.97,1.14,0.77,0.50,0.83,0.92,1.25,0.67,0.66,0.44,1.25,0.45,0.50,2.96,1.21,1.33,0.62,0.94,0.56,0 
ISOY800105,0.35,0.75,2.12,2.16,0.50,0.73,0.65,2.40,1.19,0.12,0.58,0.83,0.22,0.89,0.43,1.24,0.85,0.62,1.44,0.43,0 
ISOY800106,1.09,1.07,0.88,1.24,1.04,1.09,1.14,0.27,1.07,0.97,1.30,1.20,0.55,0.80,1.78,1.20,0.99,1.03,0.69,0.77,0 
ISOY800107,1.34,2.78,0.92,1.77,1.44,0.79,2.54,0.95,0.00,0.52,1.05,0.79,0.00,0.43,0.37,0.87,1.14,1.79,0.73,0.00,0 
ISOY800108,0.47,0.52,2.16,1.15,0.41,0.95,0.64,3.03,0.89,0.62,0.53,0.98,0.68,0.61,0.63,1.03,0.39,0.63,0.83,0.76,0 
JANJ780101,27.8,94.7,60.1,60.6,15.5,68.7,68.2,24.5,50.7,22.8,27.6,103.0,33.5,25.5,51.5,42.0,45.0,34.7,55.2,23.7,0 
JANJ780102,51.,5.,22.,19.,74.,16.,16.,52.,34.,66.,60.,3.,52.,58.,25.,35.,30.,49.,24.,64.,0 
JANJ780103,15.,67.,49.,50., 5.,56.,55.,10.,34.,13.,16.,85.,20.,10.,45.,32.,32.,17.,41.,14.,0 
JOND920102,100.,83.,104.,86.,44.,84.,77.,50.,91.,103.,54.,72.,93.,51.,58.,117.,107.,25.,50.,98.,0 
JUKT750101,5.3,2.6,3.0,3.6,1.3,2.4,3.3,4.8,1.4,3.1,4.7,4.1,1.1,2.3,2.5,4.5,3.7,0.8,2.3,4.2,0 
JUNJ780101,685.,382.,397.,400.,241.,313.,427.,707.,155.,394.,581.,575.,132.,303.,366.,593.,490.,99.,292.,553.,0
KANM800101,1.36,1.00,0.89,1.04,0.82,1.14,1.48,0.63,1.11,1.08,1.21,1.22,1.45,1.05,0.52,0.74,0.81,0.97,0.79,0.94,0 
KANM800102,0.81,0.85,0.62,0.71,1.17,0.98,0.53,0.88,0.92,1.48,1.24,0.77,1.05,1.20,0.61,0.92,1.18,1.18,1.23,1.66,0 
KYTJ820101,1.8,-4.5,-3.5,-3.5,2.5,-3.5,-3.5,-0.4,-3.2,4.5,3.8,-3.9,1.9,2.8,-1.6,-0.8,-0.7,-0.9,-1.3,4.2,0 
LAWE840101,-0.48,-0.06,-0.87,-0.75,-0.32,-0.32,-0.71,0.00,-0.51,0.81,1.02,-0.09,0.81,1.03,2.03,0.05,-0.35,0.66,1.24,0.56,0 
LEVM760101,-0.5,3.0,0.2,2.5,-1.0,0.2,2.5,0.0,-0.5,-1.8,-1.8,3.0,-1.3,-2.5,-1.4,0.3,-0.4,-3.4,-2.3,-1.5,0 
LEVM760102,0.77,3.72,1.98,1.99,1.38,2.58,2.63,0.00,2.76,1.83,2.08,2.94,2.34,2.97,1.42,1.28,1.43,3.58,3.36,1.49,0 
LEVM760103,121.9,121.4,117.5,121.2,113.7,118.0,118.2,0.,118.2,118.9,118.1,122.0,113.1,118.2,81.9,117.9,117.1,118.4,110.0,121.7,0 
LEWP710101,0.22,0.28,0.42,0.73,0.20,0.26,0.08,0.58,0.14,0.22,0.19,0.27,0.38,0.08,0.46,0.55,0.49,0.43,0.46,0.08,0 
LIFS790101,0.92,0.93,0.60,0.48,1.16,0.95,0.61,0.61,0.93,1.81,1.30,0.70,1.19,1.25,0.40,0.82,1.12,1.54,1.53,1.81,0 
LIFS790102,1.00,0.68,0.54,0.50,0.91,0.28,0.59,0.79,0.38,2.60,1.42,0.59,1.49,1.30,0.35,0.70,0.59,0.89,1.08,2.63,0 
LIFS790103,0.90,1.02,0.62,0.47,1.24,1.18,0.62,0.56,1.12,1.54,1.26,0.74,1.09,1.23,0.42,0.87,1.30,1.75,1.68,1.53,0 
MANP780101,12.97,11.72,11.42,10.85,14.63,11.76,11.89,12.43,12.16,15.67,14.90,11.36,14.39,14.00,11.37,11.23,11.69,13.93,13.42,15.71,0 
MAXF760101,1.43,1.18,0.64,0.92,0.94,1.22,1.67,0.46,0.98,1.04,1.36,1.27,1.53,1.19,0.49,0.70,0.78,1.01,0.69,0.98,0 
MAXF760102,0.86,0.94,0.74,0.72,1.17,0.89,0.62,0.97,1.06,1.24,0.98,0.79,1.08,1.16,1.22,1.04,1.18,1.07,1.25,1.33,0 
MEIH800101,0.93,0.98,0.98,1.01,0.88,1.02,1.02,1.01,0.89,0.79,0.85,1.05,0.84,0.78,1.00,1.02,0.99,0.83,0.93,0.81,0 
MEIH800102,0.94,1.09,1.04,1.08,0.84,1.11,1.12,1.01,0.92,0.76,0.82,1.23,0.83,0.73,1.04,1.04,1.02,0.87,1.03,0.81,0 
MEIH800103,87.,81.,70.,71.,104.,66.,72.,90.,90.,105.,104.,65.,100.,108.,78.,83.,83.,94.,83.,94.,0 
MIYS850101,2.36,1.92,1.70,1.67,3.36,1.75,1.74,2.06,2.41,4.17,3.93,1.23,4.22,4.37,1.89,1.81,2.04,3.82,2.91,3.49,0 
NAGK730101,1.29,0.83,0.77,1.00,0.94,1.10,1.54,0.72,1.29,0.94,1.23,1.23,1.23,1.23,0.70,0.78,0.87,1.06,0.63,0.97,0 
NAKH920107,5.08,4.75,5.75,5.96,2.95,4.24,6.04,8.20,2.10,4.95,8.03,4.93,2.61,4.36,4.84,6.41,5.87,2.31,4.55,6.07,0 
NAKH920108,9.36,0.27,2.31,0.94,2.56,1.14,0.94,6.17,0.47,13.73,16.64,0.58,3.93,10.99,1.96,5.58,4.68,2.20,3.13,12.43,0 
NISK800101,0.23,-0.26,-0.94,-1.13,1.78,-0.57,-0.75,-0.07,0.11,1.19,1.03,-1.05,0.66,0.48,-0.76,-0.67,-0.36,0.90,0.59,1.24,0 
NISK860101,-0.22,-0.93,-2.65,-4.12,4.66,-2.76,-3.64,-1.62,1.28,5.58,5.01,-4.18,3.51,5.27,-3.03,-2.84,-1.20,5.20,2.15,4.45,0 
NOZY710101,0.5,0.0,0.0,0.0,0.0,0.0,0.0,0.0,0.5,1.8,1.8,0.0,1.3,2.5,0.0,0.0,0.4,3.4,2.3,1.5,0 
OOBM850101,2.01,0.84,0.03,-2.05,1.98,1.02,0.93,0.12,-0.14,3.70,2.73,2.55,1.75,2.68,0.41,1.47,2.39,2.49,2.23,3.50,0
OOBM850102,1.34,0.95,2.49,3.32,1.07,1.49,2.20,2.07,1.27,0.66,0.54,0.61,0.70,0.80,2.12,0.94,1.09,-4.65,-0.17,1.32,0
OOBM850103,0.46,-1.54,1.31,-0.33,0.20,-1.12,0.48,0.64,-1.31,3.28,0.43,-1.71,0.15,0.52,-0.58,-0.83,-1.52,1.25,-2.21,0.54,0
OOBM850104,-2.49,2.55,2.27,8.86,-3.13,1.79,4.04,-0.56,4.22,-10.87,-7.16,-9.97,-4.96,-6.64,5.19,-1.60,-4.75,-17.84,9.25,-3.97,0
OOBM850105,4.55,5.97,5.56,2.85,-0.78,4.15,5.16,9.14,4.48,2.10,3.24,10.68,2.18,4.37,5.14,6.78,8.60,1.97,2.40,3.81,0
PALJ810101,1.30,0.93,0.90,1.02,0.92,1.04,1.43,0.63,1.33,0.87,1.30,1.23,1.32,1.09,0.63,0.78,0.80,1.03,0.71,0.95,0
PALJ810102,1.32,1.04,0.74,0.97,0.70,1.25,1.48,0.59,1.06,1.01,1.22,1.13,1.47,1.10,0.57,0.77,0.86,1.02,0.72,1.05,0
PALJ810103,0.81,1.03,0.81,0.71,1.12,1.03,0.59,0.94,0.85,1.47,1.03,0.77,0.96,1.13,0.75,1.02,1.19,1.24,1.35,1.44,0
PRAM900102,1.29,0.96,0.90,1.04,1.11,1.27,1.44,0.56,1.22,0.97,1.30,1.23,1.47,1.07,0.52,0.82,0.82,0.99,0.72,0.91,0
PRAM900103,0.90,0.99,0.76,0.72,0.74,0.80,0.75,0.92,1.08,1.45,1.02,0.77,0.97,1.32,0.64,0.95,1.21,1.14,1.25,1.49,0
PRAM900104,0.78,0.88,1.28,1.41,0.80,0.97,1.,1.64,0.69,0.51,0.59,0.96,0.39,0.58,1.91,1.33,1.03,0.75,1.05,0.47,0
PTIO830101,1.10,0.95,0.80,0.65,0.95,1.00,1.00,0.60,0.85,1.10,1.25,1.00,1.15,1.10,0.10,0.75,0.75,1.10,1.10,0.95,0
PTIO830102,1.00,0.70,0.60,0.50,1.90,1.00,0.70,0.30,0.80,4.00,2.00,0.70,1.90,3.10,0.20,0.90,1.70,2.20,2.80,4.00,0
QIAN880101,0.12,0.04,-0.10,0.01,-0.25,-0.03,-0.02,-0.02,-0.06,-0.07,0.05,0.26,0.00,0.05,-0.19,-0.19,-0.04,-0.06,-0.14,-0.03,0
QIAN880138,-0.23,-0.20,0.06,0.34,0.19,0.47,0.28,0.14,-0.22,0.42,-0.36,-0.15,-0.19,-0.02,0.78,-0.29,-0.30,-0.18,0.07,0.29,0
QIAN880139,0.08,-0.01,-0.06,0.04,0.37,0.48,0.36,-0.02,-0.45,0.09,0.24,-0.27,0.16,0.34,0.16,-0.35,-0.04,-0.06,-0.20,0.18,0
RACS770101,0.934,0.962,0.986,0.994,0.900,1.047,0.986,1.015,0.882,0.766,0.825,1.040,0.804,0.773,1.047,1.056,1.008,0.848,0.931,0.825,0
RACS770102,0.941,1.112,1.038,1.071,0.866,1.150,1.100,1.055,0.911,0.742,0.798,1.232,0.781,0.723,1.093,1.082,1.043,0.867,1.050,0.817,0












